<?xml version="1.0" encoding="ISO-8859-1"?><?xml-stylesheet type="text/css" href="adempiereDocument.css"?><adempiereDocument>
    <header>FMS Package Description</header>
    <H1>Package Name:</H1>
    <packagename>FMS</packagename>
    <H1>Creator:</H1>
    <creator>victor.perez@e-eolution.com</creator>
    <H1>Email Address:</H1>
    <creatorcontact>victor.perez@e-eolution.com</creatorcontact>
    <H1>Created:</H1>
    <createddate>2016-09-12 14:04:46</createddate>
    <H1>Updated:</H1>
    <updateddate>2016-09-12 14:04:46</updateddate>
    <H1>Description:</H1>
    <description>ADempiere Fleet Management System</description>
    <H1>Instructions:</H1>
    <instructions>ADempiere Fleet Management System</instructions>
    <H1>Files in Package:</H1>
    <file>File: PackOut.xml</file>
    <filedirectory>Directory: \dict\</filedirectory>
    <filenotes>Notes: Contains all application/object settings for package</filenotes>
</adempiereDocument>
